"1N7JKgBMTt.csv",""
"Id","aff_expo_score_adopting_family_planning"
"1bxN7LKU8C.csv",""
"Id","aff_expo_score_adopting_family_planning"
"1pD4QKBVvn.csv",""
"Id","aff_expo_score_adopting_family_planning"
"21QObd7gXD.csv",""
"Id","aff_expo_score_adopting_family_planning"
"22iwCVx7ux.csv",""
"Id","aff_expo_score_adopting_family_planning"
"2KK179eYKX.csv",""
"Id","aff_expo_score_adopting_family_planning"
"3HXV8o7F4N.csv",""
"Id","aff_expo_score_adopting_family_planning"
"3ZEgeGjdyZ.csv",""
"Id","aff_expo_score_adopting_family_planning"
"3lMtpfewKH.csv",""
"Id","aff_expo_score_adopting_family_planning"
"52ofEHRNx7.csv",""
"Id","aff_expo_score_adopting_family_planning"
"5jL5Cv1Jfg.csv",""
"Id","aff_expo_score_adopting_family_planning"
"5zTEuZfst4.csv",""
"Id","aff_expo_score_adopting_family_planning"
"6erLG8dKPJ.csv",""
"Id","aff_expo_score_adopting_family_planning"
"7My0mvSoUY.csv",""
"Id","aff_expo_score_adopting_family_planning"
"7rQjD2n19X.csv",""
"Id","aff_expo_score_adopting_family_planning"
"8FevPzx5xW.csv",""
"Id","aff_expo_score_adopting_family_planning"
"8WuGgKJWPi.csv",""
"Id","aff_expo_score_adopting_family_planning"
"8XpVD8YjSS.csv",""
"Id","aff_expo_score_adopting_family_planning"
"BGAEXgFK9y.csv",""
"Id","aff_expo_score_adopting_family_planning"
"BVs8Y0NHBy.csv",""
"Id","aff_expo_score_adopting_family_planning"
"BYkiENDV6Z.csv",""
"Id","aff_expo_score_adopting_family_planning"
"Bw0vWHC7UY.csv",""
"Id","aff_expo_score_adopting_family_planning"
"D0CRqKk9KQ.csv",""
"Id","aff_expo_score_adopting_family_planning"
"DGoZK4p3NU.csv",""
"Id","aff_expo_score_adopting_family_planning"
"F6PdEvv9cE.csv",""
"Id","aff_expo_score_adopting_family_planning"
"FIW8JBKGWJ.csv",""
"Id","aff_expo_score_adopting_family_planning"
"FKmpfuzhaq.csv",""
"Id","aff_expo_score_adopting_family_planning"
"FeGNMOwktP.csv",""
"Id","aff_expo_score_adopting_family_planning"
"Ghj8bbbQEM.csv",""
"Id","aff_expo_score_adopting_family_planning"
"I6BZdI1l8O.csv",""
"Id","aff_expo_score_adopting_family_planning"
"IXDYDjz9me.csv",""
"Id","aff_expo_score_adopting_family_planning"
"IrXmGlyFHV.csv",""
"Id","aff_expo_score_adopting_family_planning"
"KXX8Rg1HYO.csv",""
"Id","aff_expo_score_adopting_family_planning"
"Kl77KZDcKS.csv",""
"Id","aff_expo_score_adopting_family_planning"
"KpKrsuDexO.csv",""
"Id","aff_expo_score_adopting_family_planning"
"LXZncuYkr2.csv",""
"Id","aff_expo_score_adopting_family_planning"
"LyE79zkHtD.csv",""
"Id","aff_expo_score_adopting_family_planning"
"MnhPpdlR5i.csv",""
"Id","aff_expo_score_adopting_family_planning"
"OUgqDmsRO3.csv",""
"Id","aff_expo_score_adopting_family_planning"
"QZutdLyKLh.csv",""
"Id","aff_expo_score_adopting_family_planning"
"Qb9vbJIElL.csv",""
"Id","aff_expo_score_adopting_family_planning"
"Qg4C1kV50I.csv",""
"Id","aff_expo_score_adopting_family_planning"
"R6iFTSOzSV.csv",""
"Id","aff_expo_score_adopting_family_planning"
"SIRrfadE1q.csv",""
"Id","aff_expo_score_adopting_family_planning"
"SQhVxlw1Ys.csv",""
"Id","aff_expo_score_adopting_family_planning"
"Sk144fydjN.csv",""
"Id","aff_expo_score_adopting_family_planning"
"VRiuUhPIgB.csv",""
"Id","aff_expo_score_adopting_family_planning"
"XgLx1LexYA.csv",""
"Id","aff_expo_score_adopting_family_planning"
"YZLBTIdotA.csv",""
"Id","aff_expo_score_adopting_family_planning"
"a6MJIhDd4q.csv",""
"Id","aff_expo_score_adopting_family_planning"
"a82maXUERK.csv",""
"Id","aff_expo_score_adopting_family_planning"
"aQRmh1cOjC.csv",""
"Id","aff_expo_score_adopting_family_planning"
"az6OKsRgLM.csv",""
"Id","aff_expo_score_adopting_family_planning"
"bDeaKlZHJv.csv",""
"Id","aff_expo_score_adopting_family_planning"
"bI7MvvBH1V.csv",""
"Id","aff_expo_score_adopting_family_planning"
"bYGdUpwTG4.csv",""
"Id","aff_expo_score_adopting_family_planning"
"bwyLGgVmUQ.csv",""
"Id","aff_expo_score_adopting_family_planning"
"cFreh9dPIj.csv",""
"Id","aff_expo_score_adopting_family_planning"
"cejYERIBwh.csv",""
"Id","aff_expo_score_adopting_family_planning"
"d6YKDlcg40.csv",""
"Id","aff_expo_score_adopting_family_planning"
"dFlr2MXmBX.csv",""
"Id","aff_expo_score_adopting_family_planning"
"dJuKWqgAPe.csv",""
"Id","aff_expo_score_adopting_family_planning"
"e77nWmNnWP.csv",""
"Id","aff_expo_score_adopting_family_planning"
"gJzxXjVZju.csv",""
"Id","aff_expo_score_adopting_family_planning"
"gkc3QbCzUJ.csv",""
"Id","aff_expo_score_adopting_family_planning"
"hEoAqr4f2T.csv",""
"Id","aff_expo_score_adopting_family_planning"
"hrZOcfX5Zj.csv",""
"Id","aff_expo_score_adopting_family_planning"
"iB3F7ZsHn4.csv",""
"Id","aff_expo_score_adopting_family_planning"
"j36V2DYMhN.csv",""
"Id","aff_expo_score_adopting_family_planning"
"jlV7OsbM2z.csv",""
"Id","aff_expo_score_adopting_family_planning"
"jpKULTqyQd.csv",""
"Id","aff_expo_score_adopting_family_planning"
"lSa8MvJ2cI.csv",""
"Id","aff_expo_score_adopting_family_planning"
"lbbAHvzA7i.csv",""
"Id","aff_expo_score_adopting_family_planning"
"lxCNSUS27v.csv",""
"Id","aff_expo_score_adopting_family_planning"
"nOYtFr4pxx.csv",""
"Id","aff_expo_score_adopting_family_planning"
"nWSK47DRSb.csv",""
"Id","aff_expo_score_adopting_family_planning"
"naEXrTgS6w.csv",""
"Id","aff_expo_score_adopting_family_planning"
"oCeCVje2f0.csv",""
"Id","aff_expo_score_adopting_family_planning"
"oRu6Qr0HhM.csv",""
"Id","aff_expo_score_adopting_family_planning"
"olOJAxFJz0.csv",""
"Id","aff_expo_score_adopting_family_planning"
"ooj58VcdiZ.csv",""
"Id","aff_expo_score_adopting_family_planning"
"ot9KYJGGDv.csv",""
"Id","aff_expo_score_adopting_family_planning"
"qLH5atcghB.csv",""
"Id","aff_expo_score_adopting_family_planning"
"qU1mm5lR99.csv",""
"Id","aff_expo_score_adopting_family_planning"
"qZp4Q0pcd5.csv",""
"Id","aff_expo_score_adopting_family_planning"
"r8SXvu1dj2.csv",""
"Id","aff_expo_score_adopting_family_planning"
"rSggAXhr5b.csv",""
"Id","aff_expo_score_adopting_family_planning"
"rnMToMD078.csv",""
"Id","aff_expo_score_adopting_family_planning"
"sHvIOLzQ4u.csv",""
"Id","aff_expo_score_adopting_family_planning"
"skqfIHQ6Hx.csv",""
"Id","aff_expo_score_adopting_family_planning"
"spJjYDxJAq.csv",""
"Id","aff_expo_score_adopting_family_planning"
"srXSH62obb.csv",""
"Id","aff_expo_score_adopting_family_planning"
"tkQhIHCMv9.csv",""
"Id","aff_expo_score_adopting_family_planning"
"uAbivWSF97.csv",""
"Id","aff_expo_score_adopting_family_planning"
"uL9ieP5wAh.csv",""
"Id","aff_expo_score_adopting_family_planning"
"uxvVyV8VA5.csv",""
"Id","aff_expo_score_adopting_family_planning"
"vdmrw9amKu.csv",""
"Id","aff_expo_score_adopting_family_planning"
"yFnvZ33eiy.csv",""
"Id","aff_expo_score_adopting_family_planning"
"yYXs0fbPSt.csv",""
"Id","aff_expo_score_adopting_family_planning"
"zVwCxpIl7s.csv",""
"Id","aff_expo_score_adopting_family_planning"
